{"params": {"C": 7777.024328035791, "l1_ratio": 0.23806613759484246, "penalty": "elasticnet"}, "accuracy": 0.8127090301003345, "micro_avg_f1": 0.7925920889440713, "macro_avg_f1": 0.7925193609352233, "final": false}
{"params": {"C": 9657.4920146808, "l1_ratio": 0.9716559116770835, "penalty": "l1"}, "accuracy": 0.8361204013377926, "micro_avg_f1": 0.8231041879865922, "macro_avg_f1": 0.8237902569718878, "final": false}
{"params": {"C": 6090.425018570317, "l1_ratio": 0.774975461575637, "penalty": "l2"}, "accuracy": 0.822742474916388, "micro_avg_f1": 0.8058603014668518, "macro_avg_f1": 0.8057300923224021, "final": false}
{"params": {"C": 7220.182573151242, "l1_ratio": 0.03596645105323444, "penalty": "l1"}, "accuracy": 0.8327759197324415, "micro_avg_f1": 0.8188400747220014, "macro_avg_f1": 0.8194161998928525, "final": false}
{"params": {"C": 585.1258603082556, "l1_ratio": 0.8563468207020245, "penalty": "l1"}, "accuracy": 0.8494983277591973, "micro_avg_f1": 0.8387091719276879, "macro_avg_f1": 0.8397172473021225, "final": false}
{"params": {"C": 6798.479835933018, "l1_ratio": 0.25676738942797683, "penalty": "l1"}, "accuracy": 0.8394648829431438, "micro_avg_f1": 0.8260864514810828, "macro_avg_f1": 0.8267532199685419, "final": false}
{"params": {"C": 94.12869139692405, "l1_ratio": 0.3586171151395598, "penalty": "elasticnet"}, "accuracy": 0.8561872909698997, "micro_avg_f1": 0.8458776306576606, "macro_avg_f1": 0.8434198068075875, "final": false}
{"params": {"C": 2178.9908734178803, "l1_ratio": 0.31975258364760384, "penalty": "elasticnet"}, "accuracy": 0.8294314381270903, "micro_avg_f1": 0.8145449497391486, "macro_avg_f1": 0.8135461840872298, "final": false}
{"params": {"C": 319.03763249528083, "l1_ratio": 0.06595436796842946, "penalty": "l2"}, "accuracy": 0.8461538461538461, "micro_avg_f1": 0.8333328282401645, "macro_avg_f1": 0.8311044408260237, "final": false}
{"params": {"C": 8738.134558981943, "l1_ratio": 0.009698300839177294, "penalty": "l2"}, "accuracy": 0.822742474916388, "micro_avg_f1": 0.8044275403115787, "macro_avg_f1": 0.8042644849453433, "final": false}
{"params": {"C": 8128.411897185063, "l1_ratio": 0.07656601127992219, "penalty": "l2"}, "accuracy": 0.8193979933110368, "micro_avg_f1": 0.8014700840725417, "macro_avg_f1": 0.800795405077053, "final": false}
{"params": {"C": 5092.622491572982, "l1_ratio": 0.4799236247133904, "penalty": "elasticnet"}, "accuracy": 0.8193979933110368, "micro_avg_f1": 0.8014700840725417, "macro_avg_f1": 0.8008937446851296, "final": false}
{"params": {"C": 0.1213356828173565, "l1_ratio": 0.2474847435899325, "penalty": "l2"}, "accuracy": 0.705685618729097, "micro_avg_f1": 0.6535428108999908, "macro_avg_f1": 0.6539748492215116, "final": false}
{"params": {"C": 3245.8211732850814, "l1_ratio": 0.27744236367104186, "penalty": "l2"}, "accuracy": 0.8294314381270903, "micro_avg_f1": 0.8145449497391486, "macro_avg_f1": 0.8135461840872298, "final": false}
{"params": {"C": 9185.51756290774, "l1_ratio": 0.24498675079359433, "penalty": "l1"}, "accuracy": 0.842809364548495, "micro_avg_f1": 0.8303244045409564, "macro_avg_f1": 0.8310629839801497, "final": false}
{"params": {"C": 2529.9275752223816, "l1_ratio": 0.3795746249001, "penalty": "l2"}, "accuracy": 0.8327759197324415, "micro_avg_f1": 0.8188400747220014, "macro_avg_f1": 0.8177551824930817, "final": false}
{"params": {"C": 7723.78782442682, "l1_ratio": 0.06878166180082568, "penalty": "l2"}, "accuracy": 0.822742474916388, "micro_avg_f1": 0.8044275403115787, "macro_avg_f1": 0.8042644849453433, "final": false}
{"params": {"C": 5482.601425698155, "l1_ratio": 0.13871008065274074, "penalty": "none"}, "accuracy": 0.8160535117056856, "micro_avg_f1": 0.7940069877824373, "macro_avg_f1": 0.7936813917995266, "final": false}
{"params": {"C": 2455.5918076874514, "l1_ratio": 0.15248308925930365, "penalty": "elasticnet"}, "accuracy": 0.8294314381270903, "micro_avg_f1": 0.8145449497391486, "macro_avg_f1": 0.8135461840872298, "final": false}
{"params": {"C": 6801.050475941405, "l1_ratio": 0.23818360403592392, "penalty": "l2"}, "accuracy": 0.8193979933110368, "micro_avg_f1": 0.8014700840725417, "macro_avg_f1": 0.800795405077053, "final": false}
{"params": {"C": 5566.320957711975, "l1_ratio": 0.07359173646257912, "penalty": "elasticnet"}, "accuracy": 0.822742474916388, "micro_avg_f1": 0.8058603014668518, "macro_avg_f1": 0.8057300923224021, "final": false}
{"params": {"C": 4053.195521661821, "l1_ratio": 0.14558124706823247, "penalty": "none"}, "accuracy": 0.8327759197324415, "micro_avg_f1": 0.8188400747220014, "macro_avg_f1": 0.8195129149288487, "final": false}
{"params": {"C": 4906.401880011472, "l1_ratio": 0.7116003255012537, "penalty": "elasticnet"}, "accuracy": 0.8193979933110368, "micro_avg_f1": 0.8014700840725417, "macro_avg_f1": 0.8008937446851296, "final": false}
{"params": {"C": 8747.865142563944, "l1_ratio": 0.4990436005330922, "penalty": "none"}, "accuracy": 0.8093645484949833, "micro_avg_f1": 0.7881035858545726, "macro_avg_f1": 0.7871006412594813, "final": false}
{"params": {"C": 9132.128156683622, "l1_ratio": 0.3651861289645124, "penalty": "none"}, "accuracy": 0.802675585284281, "micro_avg_f1": 0.7806686416719358, "macro_avg_f1": 0.7795258414617693, "final": false}
{"params": {"C": 9566.779685632799, "l1_ratio": 0.3350816800520018, "penalty": "l2"}, "accuracy": 0.822742474916388, "micro_avg_f1": 0.8044275403115787, "macro_avg_f1": 0.8042644849453433, "final": false}
{"params": {"C": 6798.457509563769, "l1_ratio": 0.3924933547913523, "penalty": "l1"}, "accuracy": 0.8394648829431438, "micro_avg_f1": 0.827337624191596, "macro_avg_f1": 0.828075971038466, "final": false}
{"params": {"C": 6792.639056153164, "l1_ratio": 0.5549027574306419, "penalty": "elasticnet"}, "accuracy": 0.8127090301003345, "micro_avg_f1": 0.7925920889440713, "macro_avg_f1": 0.7925193609352233, "final": false}
{"params": {"C": 98.70627048225633, "l1_ratio": 0.6092386064214302, "penalty": "l2"}, "accuracy": 0.862876254180602, "micro_avg_f1": 0.8530460893876334, "macro_avg_f1": 0.8500864732520299, "final": false}
{"params": {"C": 104.13247595599918, "l1_ratio": 0.6391578396776878, "penalty": "l1"}, "accuracy": 0.8461538461538461, "micro_avg_f1": 0.83571378015336, "macro_avg_f1": 0.8370944012422734, "final": false}
{"params": {"C": 90.36572270198165, "l1_ratio": 0.2911926471467637, "penalty": "none"}, "accuracy": 0.8060200668896321, "micro_avg_f1": 0.7928566376023557, "macro_avg_f1": 0.7936431460719564, "final": false}
{"params": {"C": 579.3397583357395, "l1_ratio": 0.5972673427319123, "penalty": "none"}, "accuracy": 0.8193979933110368, "micro_avg_f1": 0.8043473212038383, "macro_avg_f1": 0.8050199989921542, "final": false}
{"params": {"C": 590.5601553292042, "l1_ratio": 0.3679604357635529, "penalty": "none"}, "accuracy": 0.8060200668896321, "micro_avg_f1": 0.7898545676856757, "macro_avg_f1": 0.7889081704019644, "final": false}
{"params": {"C": 324.92093377417837, "l1_ratio": 0.08662029095443695, "penalty": "l2"}, "accuracy": 0.8461538461538461, "micro_avg_f1": 0.8333328282401645, "macro_avg_f1": 0.8311044408260237, "final": false}
{"params": {"C": 100.45947385817395, "l1_ratio": 0.034489425206133156, "penalty": "elasticnet"}, "accuracy": 0.862876254180602, "micro_avg_f1": 0.8530460893876334, "macro_avg_f1": 0.8500864732520299, "final": false}
{"params": {"C": 9192.306847433068, "l1_ratio": 0.8692961390510134, "penalty": "none"}, "accuracy": 0.7892976588628763, "micro_avg_f1": 0.767527171580231, "macro_avg_f1": 0.7672211692999249, "final": false}
{"params": {"C": 9178.488690320477, "l1_ratio": 0.8867871974840451, "penalty": "l2"}, "accuracy": 0.8160535117056856, "micro_avg_f1": 0.7970474665653089, "macro_avg_f1": 0.7966816726719862, "final": false}
{"params": {"C": 331.71268876419714, "l1_ratio": 0.21905857472759865, "penalty": "l2"}, "accuracy": 0.8461538461538461, "micro_avg_f1": 0.8333328282401645, "macro_avg_f1": 0.8311044408260237, "final": false}
{"params": {"C": 339.61739761932927, "l1_ratio": 0.33530965666862206,