{"params": {"max_depth": 50.21754945557685, "n_estimators": 126.39519781710702}, "accuracy": 0.8929765886287625, "micro_avg_f1": 0.8896546663023024, "macro_avg_f1": 0.8895503590722168, "final": false}
{"params": {"max_depth": 53.10526902500485, "n_estimators": 483.2171070410699}, "accuracy": 0.8996655518394648, "micro_avg_f1": 0.8972597679210892, "macro_avg_f1": 0.8981385092298645, "final": false}
{"params": {"max_depth": 62.30126906210339, "n_estimators": 232.19013123448298}, "accuracy": 0.903010033444816, "micro_avg_f1": 0.9003431364771735, "macro_avg_f1": 0.9008170803258283, "final": false}
{"params": {"max_depth": 39.760632691199234, "n_estimators": 390.0079921563749}, "accuracy": 0.903010033444816, "micro_avg_f1": 0.9003431364771735, "macro_avg_f1": 0.9008170803258283, "final": false}
{"params": {"max_depth": 41.78002737506229, "n_estimators": 363.7889324633041}, "accuracy": 0.8963210702341137, "micro_avg_f1": 0.8934702842907346, "macro_avg_f1": 0.8937918240701646, "final": false}
{"params": {"max_depth": 4.172264494289114, "n_estimators": 156.2402407356979}, "accuracy": 0.8361204013377926, "micro_avg_f1": 0.8256222702349753, "macro_avg_f1": 0.8244852757383552, "final": false}
{"params": {"max_depth": 5.627774496688634, "n_estimators": 429.95986186772745}, "accuracy": 0.8729096989966555, "micro_avg_f1": 0.8661966770980866, "macro_avg_f1": 0.865718121262641, "final": false}
{"params": {"max_depth": 25.116949728238065, "n_estimators": 343.1254962732675}, "accuracy": 0.903010033444816, "micro_avg_f1": 0.9003431364771735, "macro_avg_f1": 0.9008170803258283, "final": false}
{"params": {"max_depth": 17.88935685825107, "n_estimators": 180.31479542472107}, "accuracy": 0.8963210702341137, "micro_avg_f1": 0.8927330578420205, "macro_avg_f1": 0.8930336680628121, "final": false}
{"params": {"max_depth": 2.5835917450201036, "n_estimators": 185.58355352543518}, "accuracy": 0.7993311036789298, "micro_avg_f1": 0.7744355878232593, "macro_avg_f1": 0.7728557227873505, "final": false}
{"params": {"max_depth": 60.843839264049045, "n_estimators": 116.77051447452757}, "accuracy": 0.8896321070234113, "micro_avg_f1": 0.886597432104296, "macro_avg_f1": 0.886490250212353, "final": false}
{"params": {"max_depth": 21.802264715582606, "n_estimators": 459.70846914028783}, "accuracy": 0.8996655518394648, "micro_avg_f1": 0.8972597679210892, "macro_avg_f1": 0.8981385092298645, "final": false}
{"params": {"max_depth": 3.9780273192734734, "n_estimators": 41.8914231508321}, "accuracy": 0.822742474916388, "micro_avg_f1": 0.8072722225193166, "macro_avg_f1": 0.8057781493949282, "final": false}
{"params": {"max_depth": 41.049397944685026, "n_estimators": 438.16858720697394}, "accuracy": 0.903010033444816, "micro_avg_f1": 0.9003431364771735, "macro_avg_f1": 0.9011986181863868, "final": false}
{"params": {"max_depth": 2.5403754028346617, "n_estimators": 375.8228461270294}, "accuracy": 0.8160535117056856, "micro_avg_f1": 0.7940069877824373, "macro_avg_f1": 0.793831761982071, "final": false}
{"params": {"max_depth": 52.39615260216265, "n_estimators": 47.1015486244107}, "accuracy": 0.8929765886287625, "micro_avg_f1": 0.8911559567312721, "macro_avg_f1": 0.8917763076434119, "final": false}
{"params": {"max_depth": 42.70023074501138, "n_estimators": 259.5384780409239}, "accuracy": 0.9063545150501672, "micro_avg_f1": 0.9034477696554493, "macro_avg_f1": 0.9038771892823505, "final": false}
{"params": {"max_depth": 31.752770272775756, "n_estimators": 478.2313310162225}, "accuracy": 0.8996655518394648, "micro_avg_f1": 0.8972597679210892, "macro_avg_f1": 0.8981385092298645, "final": false}
{"params": {"max_depth": 2.0007460813080757, "n_estimators": 131.019563486039}, "accuracy": 0.782608695652174, "micro_avg_f1": 0.7565538045424016, "macro_avg_f1": 0.7559327005632076, "final": false}
{"params": {"max_depth": 46.15842603051818, "n_estimators": 169.04520439548944}, "accuracy": 0.8929765886287625, "micro_avg_f1": 0.8896546663023024, "macro_avg_f1": 0.8895503590722168, "final": false}
{"params": {"max_depth": 19.173774095796187, "n_estimators": 350.7682717512025}, "accuracy": 0.8996655518394648, "micro_avg_f1": 0.8965512179788758, "macro_avg_f1": 0.896753219789904, "final": false}
{"params": {"max_depth": 58.950208385048825, "n_estimators": 129.79309407701527}, "accuracy": 0.8929765886287625, "micro_avg_f1": 0.8896546663023024, "macro_avg_f1": 0.8895503590722168, "final": false}
{"params": {"max_depth": 30.401320671159347, "n_estimators": 133.96641458253816}, "accuracy": 0.8929765886287625, "micro_avg_f1": 0.8896546663023024, "macro_avg_f1": 0.8895503590722168, "final": false}
{"params": {"max_depth": 25.518664071950102, "n_estimators": 306.22402602953844}, "accuracy": 0.903010033444816, "micro_avg_f1": 0.9003431364771735, "macro_avg_f1": 0.9008170803258283, "final": false}
{"params": {"max_depth": 49.8874831001946, "n_estimators": 43.2795734292631}, "accuracy": 0.8896321070234113, "micro_avg_f1": 0.8873715077406165, "macro_avg_f1": 0.8882180727769736, "final": false}
{"params": {"max_depth": 36.35319441197555, "n_estimators": 191.63802326846323}, "accuracy": 0.903010033444816, "micro_avg_f1": 0.9003431364771735, "macro_avg_f1": 0.9007133478730498, "final": false}
{"params": {"max_depth": 46.20671256505287, "n_estimators": 286.5996912023267}, "accuracy": 0.903010033444816, "micro_avg_f1": 0.9003431364771735, "macro_avg_f1": 0.9008170803258283, "final": false}
{"params": {"max_depth": 19.86531219272578, "n_estimators": 276.909490368308}, "accuracy": 0.9063545150501672, "micro_avg_f1": 0.9034477696554493, "macro_avg_f1": 0.9038771892823505, "final": false}
{"params": {"max_depth": 58.69430713737927, "n_estimators": 411.4838895889225}, "accuracy": 0.9063545150501672, "micro_avg_f1": 0.9034477696554493, "macro_avg_f1": 0.9038771892823505, "final": false}
{"params": {"max_depth": 64.0, "n_estimators": 453.60133048005844}, "accuracy": 0.8996655518394648, "micro_avg_f1": 0.8972597679210892, "macro_avg_f1": 0.8981385092298645, "final": false}
{"params": {"max_depth": 64.0, "n_estimators": 384.1048949333264}, "accuracy": 0.903010033444816, "micro_avg_f1": 0.9003431364771735, "macro_avg_f1": 0.9008170803258283, "final": false}
{"params": {"max_depth": 56.17654304908348, "n_estimators": 320.6466837063458}, "accuracy": 0.8996655518394648, "micro_avg_f1": 0.8972597679210892, "macro_avg_f1": 0.8978556846060888, "final": false}
{"params": {"max_depth": 31.28255343815074, "n_estimators": 233.6835638879864}, "accuracy": 0.903010033444816, "micro_avg_f1": 0.9003431364771735, "macro_avg_f1": 0.9008170803258283, "final": false}
{"params": {"max_depth": 4.93104234699672, "n_estimators": 252.03235271077682}, "accuracy": 0.8361204013377926, "micro_avg_f1": 0.8243722544677426, "macro_avg_f1": 0.8235621990720826, "final": false}
{"params": {"max_depth": 2.0, "n_estimators": 322.67291189368717}, "accuracy": 0.7959866220735786, "micro_avg_f1": 0.7698108187116052, "macro_avg_f1": 0.7698663788693922, "final": false}
{"params": {"max_depth": 47.28447386706669, "n_estimators": 214.94653874078307}, "accuracy": 0.8996655518394648, "micro_avg_f1": 0.8965512179788758, "macro_avg_f1": 0.896753219789904, "final": false}
{"params": {"max_depth": 63.65268602660169, "n_estimators": 264.42017633371637}, "accuracy": 0.903010033444816, "micro_avg_f1": 0.9003431364771735, "macro_avg_f1": 0.9008170803258283, "final": false}
{"params": {"max_depth": 64.0, "n_estimators": 347.71517177885795}, "accuracy": 0.8963210702341137, "micro_avg_f1": 0.8934702842907346, "macro_avg_f1": 0.8937918240701646, "final": false}
{"params": {"max_depth": 2.5492167935347396, "n_estimators": 488.8468289187363}, "accuracy": 0.8127090301003345, "micro_avg_f1": 0.7878782860425527, "macro_avg_f1": 0.7871450893287433, "final": false}
{"params": {"max_depth": 43.13035510220653, "n_estimators": 460.5185207656049}, "accuracy": 0.8996655518394648, "micro_avg_f1": 0.8972597679210892, "macro_avg_f1": 0.8981385092298645, "final": false}
{"params": {"max_depth": 64.0,