{"params": {"eta0": 0.007777246403327629, "l1_ratio": 0.23806613759484246, "penalty": "elasticnet"}, "accuracy": 0.7123745819397993, "micro_avg_f1": 0.6906469776930272, "macro_avg_f1": 0.6999986460765515, "final": false}
{"params": {"eta0": 0.009657526231231955, "l1_ratio": 0.9716559116770835, "penalty": "l1"}, "accuracy": 0.6488294314381271, "micro_avg_f1": 0.6236554100285343, "macro_avg_f1": 0.6348491702765676, "final": false}
{"params": {"eta0": 0.006090815585150019, "l1_ratio": 0.774975461575637, "penalty": "l2"}, "accuracy": 0.6789297658862876, "micro_avg_f1": 0.6595739636339989, "macro_avg_f1": 0.6662674717315819, "final": false}
{"params": {"eta0": 0.007220460276939955, "l1_ratio": 0.03596645105323444, "penalty": "l1"}, "accuracy": 0.7692307692307693, "micro_avg_f1": 0.745386950341423, "macro_avg_f1": 0.7481237929038328, "final": false}
{"params": {"eta0": 0.0005860664063288655, "l1_ratio": 0.8563468207020245, "penalty": "l1"}, "accuracy": 0.6822742474916388, "micro_avg_f1": 0.6184734028809832, "macro_avg_f1": 0.6205001923075641, "final": false}
{"params": {"eta0": 0.006798799667829392, "l1_ratio": 0.25676738942797683, "penalty": "l1"}, "accuracy": 0.7658862876254181, "micro_avg_f1": 0.7426465550933274, "macro_avg_f1": 0.7447514020306211, "final": false}
{"params": {"eta0": 9.511828803961316e-05, "l1_ratio": 0.3586171151395598, "penalty": "elasticnet"}, "accuracy": 0.6822742474916388, "micro_avg_f1": 0.6184734028809832, "macro_avg_f1": 0.6205001923075641, "final": false}
{"params": {"eta0": 0.002179772192307758, "l1_ratio": 0.31975258364760384, "penalty": "elasticnet"}, "accuracy": 0.6822742474916388, "micro_avg_f1": 0.6184734028809832, "macro_avg_f1": 0.6181434130045224, "final": false}
{"params": {"eta0": 0.00032000476073250746, "l1_ratio": 0.06595436796842946, "penalty": "l2"}, "accuracy": 0.6822742474916388, "micro_avg_f1": 0.6184734028809832, "macro_avg_f1": 0.6205001923075641, "final": false}
{"params": {"eta0": 0.008738260619352107, "l1_ratio": 0.009698300839177294, "penalty": "l2"}, "accuracy": 0.7391304347826086, "micro_avg_f1": 0.7067664153997497, "macro_avg_f1": 0.7058208459305845, "final": false}
{"params": {"eta0": 0.008128598868855232, "l1_ratio": 0.07656601127992219, "penalty": "l2"}, "accuracy": 0.7525083612040134, "micro_avg_f1": 0.7259254227712605, "macro_avg_f1": 0.7237759262712508, "final": false}
{"params": {"eta0": 0.005093112738635099, "l1_ratio": 0.4799236247133904, "penalty": "elasticnet"}, "accuracy": 0.6220735785953178, "micro_avg_f1": 0.592057258246977, "macro_avg_f1": 0.6000010115266428, "final": false}
{"params": {"eta0": 1.120323661281441e-06, "l1_ratio": 0.2474847435899325, "penalty": "l2"}, "accuracy": 0.5183946488294314, "micro_avg_f1": 0.0, "macro_avg_f1": 0.0, "final": false}
{"params": {"eta0": 0.003246495915817345, "l1_ratio": 0.27744236367104186, "penalty": "l2"}, "accuracy": 0.6354515050167224, "micro_avg_f1": 0.5977854754160548, "macro_avg_f1": 0.6105574568684176, "final": false}
{"params": {"eta0": 0.009185598929711342, "l1_ratio": 0.24498675079359433, "penalty": "l1"}, "accuracy": 0.7290969899665551, "micro_avg_f1": 0.69433912116803, "macro_avg_f1": 0.6928812686557709, "final": false}
{"params": {"eta0": 0.0025306738355322434, "l1_ratio": 0.3795746249001, "penalty": "l2"}, "accuracy": 0.6789297658862876, "micro_avg_f1": 0.6097556071786532, "macro_avg_f1": 0.6084833119093098, "final": false}
{"params": {"eta0": 0.007724015218045901, "l1_ratio": 0.06878166180082568, "penalty": "l2"}, "accuracy": 0.6889632107023411, "micro_avg_f1": 0.6713775872845186, "macro_avg_f1": 0.6795047058805215, "final": false}
{"params": {"eta0": 0.005483052713860857, "l1_ratio": 0.13871008065274074, "penalty": "none"}, "accuracy": 0.6755852842809364, "micro_avg_f1": 0.644688141475516, "macro_avg_f1": 0.6446907531576677, "final": false}
{"params": {"eta0": 0.0024563454941412322, "l1_ratio": 0.15248308925930365, "penalty": "elasticnet"}, "accuracy": 0.6454849498327759, "micro_avg_f1": 0.5984843480835147, "macro_avg_f1": 0.6084833021537278, "final": false}
{"params": {"eta0": 0.006801370051030817, "l1_ratio": 0.23818360403592392, "penalty": "l2"}, "accuracy": 0.7692307692307693, "micro_avg_f1": 0.745386950341423, "macro_avg_f1": 0.7470892161047118, "final": false}
{"params": {"eta0": 0.005566763882292593, "l1_ratio": 0.07359173646257912, "penalty": "elasticnet"}, "accuracy": 0.6588628762541806, "micro_avg_f1": 0.6357137815820254, "macro_avg_f1": 0.6381367184895688, "final": false}
{"params": {"eta0": 0.004053789607488616, "l1_ratio": 0.14558124706823247, "penalty": "none"}, "accuracy": 0.705685618729097, "micro_avg_f1": 0.6589142303350846, "macro_avg_f1": 0.6593895749649031, "final": false}
{"params": {"eta0": 0.004906910730514544, "l1_ratio": 0.7116003255012537, "penalty": "elasticnet"}, "accuracy": 0.6254180602006689, "micro_avg_f1": 0.5912403729025465, "macro_avg_f1": 0.5975501729913997, "final": false}
{"params": {"eta0": 0.008747990230848709, "l1_ratio": 0.4990436005330922, "penalty": "none"}, "accuracy": 0.7391304347826086, "micro_avg_f1": 0.7067664153997497, "macro_avg_f1": 0.7058208459305845, "final": false}
{"params": {"eta0": 0.00913221485708944, "l1_ratio": 0.3651861289645124, "penalty": "none"}, "accuracy": 0.7324414715719063, "micro_avg_f1": 0.6969691958222077, "macro_avg_f1": 0.6957470304919087, "final": false}
{"params": {"eta0": 0.00956682296434653, "l1_ratio": 0.3350816800520018, "penalty": "l2"}, "accuracy": 0.6555183946488294, "micro_avg_f1": 0.6334514530974927, "macro_avg_f1": 0.6450030154008243, "final": false}
{"params": {"eta0": 0.001075605585187156, "l1_ratio": 0.5656355747520602, "penalty": "l2"}, "accuracy": 0.6822742474916388, "micro_avg_f1": 0.6184734028809832, "macro_avg_f1": 0.6205001923075641, "final": false}
{"params": {"eta0": 0.0023676160783006038, "l1_ratio": 0.6227552712319605, "penalty": "l2"}, "accuracy": 0.6354515050167224, "micro_avg_f1": 0.5823749798157488, "macro_avg_f1": 0.5929277467488643, "final": false}
{"params": {"eta0": 0.009143015127045307, "l1_ratio": 0.010909553047816371, "penalty": "l1"}, "accuracy": 0.7290969899665551, "micro_avg_f1": 0.69433912116803, "macro_avg_f1": 0.6928812686557709, "final": false}
{"params": {"eta0": 0.004976453226744931, "l1_ratio": 0.49495231786083627, "penalty": "l1"}, "accuracy": 0.6187290969899666, "micro_avg_f1": 0.5869560184314263, "macro_avg_f1": 0.594270753150745, "final": false}
{"params": {"eta0": 0.0053209277810853176, "l1_ratio": 0.2768663902918206, "penalty": "l1"}, "accuracy": 0.6655518394648829, "micro_avg_f1": 0.6240596491043582, "macro_avg_f1": 0.6279415402374529, "final": false}
{"params": {"eta0": 0.002967762495542426, "l1_ratio": 0.5150998017036255, "penalty": "elasticnet"}, "accuracy": 0.6187290969899666, "micro_avg_f1": 0.5681813180100747, "macro_avg_f1": 0.5777796877764197, "final": false}
{"params": {"eta0": 0.002723721041565739, "l1_ratio": 0.036283017176553495, "penalty": "l1"}, "accuracy": 0.6220735785953178, "micro_avg_f1": 0.5703417055043412, "macro_avg_f1": 0.5790460826613135, "final": false}
{"params": {"eta0": 0.004976456489450621, "l1_ratio": 0.05680789913712104, "penalty": "elasticnet"}, "accuracy": 0.6220735785953178, "micro_avg_f1": 0.5890904059243894, "macro_avg_f1": 0.5960124077022055, "final": false}
{"params": {"eta0": 0.008771924023546361, "l1_ratio": 0.33473936018476036, "penalty": "elasticnet"}, "accuracy": 0.7391304347826086, "micro_avg_f1": 0.7067664153997497, "macro_avg_f1": 0.7058208459305845, "final": false}
{"params": {"eta0": 0.0036345624839908023, "l1_ratio": 0.8122384862304662, "penalty": "elasticnet"}, "accuracy": 0.6555183946488294, "micro_avg_f1": 0.6199256966548575, "macro_avg_f1": 0.6350472517871899, "final": false}
{"params": {"eta0": 0.007785064225088707, "l1_ratio": 0.6263683931314896, "penalty": "l2"}, "accuracy": 0.7123745819397993, "micro_avg_f1": 0.6906469776930272, "macro_avg_f1": 0.6999986460765515, "final": false}
{"params": {"eta0": 0.009521345312849013, "l1_ratio": 0.7682542969879647,