{"params": {"C": 77770.24328035791, "gamma": 237.54884462271193, "kernel": "sigmoid"}, "accuracy": 0.5183946488294314, "micro_avg_f1": 0.0, "macro_avg_f1": 0.0, "final": false}
{"params": {"C": 96574.920146808, "gamma": 972.6013878937543, "kernel": "rbf"}, "accuracy": 0.5217391304347826, "micro_avg_f1": 0.4435792703604316, "macro_avg_f1": 0.279494066401361, "final": false}
{"params": {"C": 60904.250185703175, "gamma": 775.5287593397006, "kernel": "sigmoid"}, "accuracy": 0.5183946488294314, "micro_avg_f1": 0.0, "macro_avg_f1": 0.0, "final": false}
{"params": {"C": 72201.82573151242, "gamma": 35.0461737361963, "kernel": "rbf"}, "accuracy": 0.5752508361204013, "micro_avg_f1": 0.2485204550263344, "macro_avg_f1": 0.24261044713490412, "final": false}
{"params": {"C": 5851.258603082556, "gamma": 857.0623719777731, "kernel": "rbf"}, "accuracy": 0.5217391304347826, "micro_avg_f1": 0.4435792703604316, "macro_avg_f1": 0.279494066401361, "final": false}
{"params": {"C": 67984.79835933018, "gamma": 256.28738652713685, "kernel": "rbf"}, "accuracy": 0.5351170568561873, "micro_avg_f1": 0.06711402819697909, "macro_avg_f1": 0.06355251307874096, "final": false}
{"params": {"C": 941.2869139692405, "gamma": 358.3401993671427, "kernel": "sigmoid"}, "accuracy": 0.5183946488294314, "micro_avg_f1": 0.0, "macro_avg_f1": 0.0, "final": false}
{"params": {"C": 21789.9087341788, "gamma": 319.39817246670077, "kernel": "sigmoid"}, "accuracy": 0.5183946488294314, "micro_avg_f1": 0.0, "macro_avg_f1": 0.0, "final": false}
{"params": {"C": 3190.376324952809, "gamma": 65.09388619714407, "kernel": "sigmoid"}, "accuracy": 0.5183946488294314, "micro_avg_f1": 0.0, "macro_avg_f1": 0.0, "final": false}
{"params": {"C": 87381.34558981944, "gamma": 8.725645146461824, "kernel": "sigmoid"}, "accuracy": 0.5183946488294314, "micro_avg_f1": 0.0, "macro_avg_f1": 0.0, "final": false}
{"params": {"C": 81284.11897185064, "gamma": 75.726688997805, "kernel": "sigmoid"}, "accuracy": 0.5183946488294314, "micro_avg_f1": 0.0, "macro_avg_f1": 0.0, "final": false}
{"params": {"C": 50926.22491572982, "gamma": 479.88859266246817, "kernel": "sigmoid"}, "accuracy": 0.5183946488294314, "micro_avg_f1": 0.0, "macro_avg_f1": 0.0, "final": false}
{"params": {"C": 1.2133568281735652, "gamma": 246.9862312049064, "kernel": "sigmoid"}, "accuracy": 0.5183946488294314, "micro_avg_f1": 0.0, "macro_avg_f1": 0.0, "final": false}
{"params": {"C": 32458.211732850814, "gamma": 277.00358642024565, "kernel": "sigmoid"}, "accuracy": 0.5183946488294314, "micro_avg_f1": 0.0, "macro_avg_f1": 0.0, "final": false}
{"params": {"C": 91855.17562907739, "gamma": 244.48325744096832, "kernel": "rbf"}, "accuracy": 0.5351170568561873, "micro_avg_f1": 0.06711402819697909, "macro_avg_f1": 0.06355251307874096, "final": false}
{"params": {"C": 25299.275752223817, "gamma": 379.3394981501513, "kernel": "sigmoid"}, "accuracy": 0.5183946488294314, "micro_avg_f1": 0.0, "macro_avg_f1": 0.0, "final": false}
{"params": {"C": 77237.8782442682, "gamma": 67.92681761944657, "kernel": "sigmoid"}, "accuracy": 0.5183946488294314, "micro_avg_f1": 0.0, "macro_avg_f1": 0.0, "final": false}
{"params": {"C": 54826.01425698156, "gamma": 137.99467289772966, "kernel": "rbf"}, "accuracy": 0.5351170568561873, "micro_avg_f1": 0.06711402819697909, "macro_avg_f1": 0.06355251307874096, "final": false}
{"params": {"C": 24555.91807687451, "gamma": 151.79514471784674, "kernel": "sigmoid"}, "accuracy": 0.5183946488294314, "micro_avg_f1": 0.0, "macro_avg_f1": 0.0, "final": false}
{"params": {"C": 68010.50475941405, "gamma": 237.66654529046448, "kernel": "sigmoid"}, "accuracy": 0.5183946488294314, "micro_avg_f1": 0.0, "macro_avg_f1": 0.0, "final": false}
{"params": {"C": 55663.20957711976, "gamma": 72.74648351223898, "kernel": "sigmoid"}, "accuracy": 0.5183946488294314, "micro_avg_f1": 0.0, "macro_avg_f1": 0.0, "final": false}
{"params": {"C": 40531.95521661822, "gamma": 144.87954033643464, "kernel": "rbf"}, "accuracy": 0.5351170568561873, "micro_avg_f1": 0.06711402819697909, "macro_avg_f1": 0.06355251307874096, "final": false}
{"params": {"C": 49064.01880011472, "gamma": 712.0272540060108, "kernel": "sigmoid"}, "accuracy": 0.5183946488294314, "micro_avg_f1": 0.0, "macro_avg_f1": 0.0, "final": false}
{"params": {"C": 87478.65142563943, "gamma": 499.04669348405497, "kernel": "rbf"}, "accuracy": 0.5183946488294314, "micro_avg_f1": 0.27999959400057867, "macro_avg_f1": 0.14461043800757584, "final": false}
{"params": {"C": 91321.28156683623, "gamma": 364.9223117266761, "kernel": "rbf"}, "accuracy": 0.5284280936454849, "micro_avg_f1": 0.30541830386621543, "macro_avg_f1": 0.18097403910952628, "final": false}
{"params": {"C": 96576.74406491221, "gamma": 953.1526665936296, "kernel": "rbf"}, "accuracy": 0.5217391304347826, "micro_avg_f1": 0.4435792703604316, "macro_avg_f1": 0.279494066401361, "final": false}
{"params": {"C": 5762.801270531316, "gamma": 799.5796569093245, "kernel": "rbf"}, "accuracy": 0.5183946488294314, "micro_avg_f1": 0.27999959400057867, "macro_avg_f1": 0.14461043800757584, "final": false}
{"params": {"C": 5956.226505246379, "gamma": 826.862932511394, "kernel": "sigmoid"}, "accuracy": 0.5183946488294314, "micro_avg_f1": 0.0, "macro_avg_f1": 0.0, "final": false}
{"params": {"C": 42458.63330550325, "gamma": 899.9004681263312, "kernel": "sigmoid"}, "accuracy": 0.5183946488294314, "micro_avg_f1": 0.0, "macro_avg_f1": 0.0, "final": false}
{"params": {"C": 96656.17253847525, "gamma": 962.9592499151479, "kernel": "rbf"}, "accuracy": 0.5217391304347826, "micro_avg_f1": 0.4435792703604316, "macro_avg_f1": 0.279494066401361, "final": false}
{"params": {"C": 5759.79567092977, "gamma": 793.7074670343682, "kernel": "rbf"}, "accuracy": 0.5183946488294314, "micro_avg_f1": 0.27999959400057867, "macro_avg_f1": 0.14461043800757584, "final": false}
{"params": {"C": 96614.4303916272, "gamma": 837.3380713042786, "kernel": "sigmoid"}, "accuracy": 0.5183946488294314, "micro_avg_f1": 0.0, "macro_avg_f1": 0.0, "final": false}
{"params": {"C": 5836.230478983057, "gamma": 809.9775987183702, "kernel": "rbf"}, "accuracy": 0.5183946488294314, "micro_avg_f1": 0.27999959400057867, "macro_avg_f1": 0.14461043800757584, "final": false}
{"params": {"C": 5824.005378749737, "gamma": 914.1052825836232, "kernel": "sigmoid"}, "accuracy": 0.5183946488294314, "micro_avg_f1": 0.0, "macro_avg_f1": 0.0, "final": false}
{"params": {"C": 96742.19656943607, "gamma": 999.1672403778156, "kernel": "rbf"}, "accuracy": 0.5217391304347826, "micro_avg_f1": 0.4435792703604316, "macro_avg_f1": 0.279494066401361, "final": false}
{"params": {"C": 96750.22409106357, "gamma": 971.3475209635095, "kernel": "sigmoid"}, "accuracy": 0.5183946488294314, "micro_avg_f1": 0.0, "macro_avg_f1": 0.0, "final": false}
{"params": {"C": 96559.2392541678, "gamma": 979.5791075551728, "kernel": "sigmoid"}, "accuracy": 0.5183946488294314, "micro_avg_f1": 0.0, "macro_avg_f1": 0.0, "final": false}
{"params": {"C": 5752.254341985856, "gamma": 821.4565388964367, "kernel": "rbf"}, "accuracy": 0.5183946488294314, "micro_avg_f1": 0.27999959400057867, "macro_avg_f1": 0.14461043800757584, "final": false}
{"params": {"C": 72215.42558189295, "gamma": 51.546462841357446, "kernel": "sigmoid"}, "accuracy": 0.5183946488294314, "micro_avg_f1": 0.0, "macro_avg_f1": 0.0, "final": false}
{"params": {"C": 5769.353649528138, "gamma": 820.1417763816631, "kernel": "sigmoid"}, "accuracy": 0.5183946488294314, "micro_avg_f1": 0.0, "macro_avg_f1": 0.0, "final": false}
{"params": {"C": 72191.53823939657, "gamma": 36.57685904096736, "kernel": "rbf"}, "accuracy": 0.5752508361204013, "micro_avg_f1": 0.23030280536292566, "macro_avg_f1": 0.2214292697291554, "final": false}
{"params": {"C": 5865.76067448409, "gamma": 814.1524693631868, "kernel": "sigmoid"}, "accuracy": 0.5183946488294314, "micro_avg_f1": 0.0, "macro_avg_f1": 0.0, "final": false}
{"params": {"C": 96562.16789558213, "gamma": 962.1938194966299, "kernel": "sigmoid"}, "accuracy": 0.5183946488294314, "micro_avg_f1": 0.0,